source_id,source_type,title,url,published_at,verified_at,expires_at,applies_to,confidence,notes
O01,official,文旅部靖西田园线路,https://zhuanti.mct.gov.cn/rxhmxjgn2022/beijing/detail_g7yU_506/3463.html,,2026-09-15,2026-09-28,路线组合、景点背景,medium,原文已读；历史线路，车程须重核；原始日期描述：2022
O02,official,百色起义纪念园调整开放公告,https://weibo.com/2/detail/5341518080771213,2026-09-07,2026-09-15,2026-09-28,10/2纪念馆、粤东会馆,medium,运营方原文已读；国庆临时公告仍需复查；原始日期描述：2026-09-07
C01,commercial,广州南至百色D3782时刻参考,https://trains.ctrip.com/TrainSchedule/D3782,,2026-09-14,2026-09-28,长途铁路,medium,9/14已读；非国庆时刻，日期未放票；原始日期描述：
C02,commercial,百色至广州南车次参考,https://trains.ctrip.com/trainbooking/baise-guangzhounan/,,2026-09-14,2026-09-28,返程铁路,medium,9/14已读；国庆时刻和余票待核；原始日期描述：
U01,community,广西好风光｜在动物园攀岩的蒸蛋,https://club.autohome.com.cn/bbs/threadowner/c66a6239b6ec39ca/113702185-1.html,2025-11-30,2026-09-15,2026-09-28,鹅泉和德天国庆拥堵,medium,原文已读；文中说国庆经历，具体游览日期未写明；单一案例；原始日期描述：2025-11-30
U02,community,广西游记之靖西通灵大峡谷｜遥远的景象,https://you.ctrip.com/travels/Jingxi967/4156348.html,2025-02-05,2026-09-15,2026-09-28,通灵岔口与入口接驳,medium,原文已读；出游2024-10-31；旧班次票价不采用；原始日期描述：2025-02-05
U03,community,广西游记之靖西鹅泉｜遥远的景象,https://you.ctrip.com/travels/Jingxi967/4156426.html,2025-02-06,2026-09-15,2026-09-28,鹅泉无车接驳,medium,原文已读；出游2024-10-31；与U02同一作者，非独立交叉印证；原始日期描述：2025-02-06
U04,community,五一节靖西无车自助旅游｜YoYo_4A5H5B9I,https://gs.ctrip.com/html5/you/travels/967/3947519.html,2020-05-05,2026-09-15,2026-09-28,无车游参考,medium,原文已读；2020五一，交通与价格仅历史背景；原始日期描述：2020-05-05
U05,community,通灵大峡谷游客点评,https://you.ctrip.com/sight/jingxi967/51441.html,,2026-09-15,2026-09-28,台阶、水雾、局部关闭、接驳,medium,原文已读；近90天可见样本6/28、7/24、7/29、8/9、8/21、8/29；未遍历评论；原始日期描述：2026-06至08
U06,community,渠洋湖游客点评,https://you.ctrip.com/sight/jingxi967/1729239.html,,2026-09-15,2026-09-28,游船服务体验,medium,原文已读；7/18、7/31、8/2评价有分歧，不据此判断所有运营方；原始日期描述：2026-07至08
U07,community,靖西受罪已回｜Sydnee Spinka,https://sg.trip.com/moments/detail/jingxi-967-149612653?locale=zh-SG,,2026-09-15,2026-09-28,近期开箱路线候选,medium,原文已读；平台注明AI翻译，标题正文反差大；仅低权重路线参考；原始日期描述：页面显示8月1日，年份及相对日期不一致
U08,community,靖西3天2夜自驾｜卡夫卡的熊,https://travelnews.qunar.com/ugc/jingxi-3-day-self-drive,,2026-09-15,2026-09-28,鹅泉旧州同日组合,medium,原文已读；距离、全天开放等表述不直接采用；原始日期描述：原帖2026-01-18；整理2026-08-25
U09,community,五一靖西慢游｜什么值得买,https://post.smzdm.com/p/a4q2k547/,,2026-09-15,2026-09-28,排除错误交通线索,low,仅搜索摘要；广州南至靖西3小时说法不采用；原始日期描述：2026-05，确日未核
U10,community,EP.7 靖西鹅泉到旧州古镇｜onerain系列,https://www.bilibili.com/video/BV1jg4y1b7w7/,2023-03-11,2026-09-15,2026-09-28,旧州文昌阁题材,low,只读搜索摘要；未观看视频，不作为体验核验；原始日期描述：2023-03-11
C03,commercial,旧州景区信息,https://you.ctrip.com/sight/jingxi967/69551024.html,,2026-09-15,2026-09-28,开放时间、收费范围,medium,正文入口已打开；页面解析不稳定，营业规则按商业线索待运营方复核；原始日期描述：
C04,commercial,鹅泉及旧州联票,https://touch.piao.qunar.com/touch/detail.htm?cat=list_index1%3D2&id=5109,,2026-09-15,2026-09-28,票种比较,medium,原文已读；46元单票、68元联票为未指定国庆日期快照；原始日期描述：
C05,commercial,鹅泉地图搜索,https://map.baidu.com/mobile/webapp/search/search/qt%3Ds%26wd%3D%E9%B9%85%E6%B3%89/,,2026-09-15,2026-09-28,鹅泉营业与邻近用餐,medium,搜索正文线索；与其他平台营业时段存在差异，需复核；原始日期描述：
C06,commercial,靖西靖宇客运站,https://ditu.amap.com/place/B03080MNPC,,2026-09-15,2026-09-28,班车询问入口,medium,原文已读；只确认站名位置电话，不证明国庆班次；原始日期描述：
F01,commercial,三和卷粉店,https://hk.trip.com/restaurant/china/baise/detail/restaurant-16105323/,,2026-09-15,2026-09-28,10/2早餐、10/6小吃,medium,原文已读；2026-04-22及2020评价，样本少；原始日期描述：
F02,commercial,梁氏炖品下岗街店,https://www.trip.com/restaurant/china/baise/detail/restaurant-63483932/,,2026-09-15,2026-09-28,10/2晚间甜品,medium,原文已读；评论主要2019/2020，营业需重核；原始日期描述：
F03,commercial,壮家人壮家菜龙景店,https://gs.ctrip.com/html5/you/foods/fooddetail/524/16264498.html,,2026-09-15,2026-09-28,10/1或10/6晚餐备选,medium,原文已读；有份量和上菜等待反馈，日期未展开；不称近期一致好评；原始日期描述：
F04,commercial,壮族人餐厅靖西店,https://gs.ctrip.com/html5/you/foods/Jingxi967/16342877.html,,2026-09-15,2026-09-28,靖西城区晚餐,medium,原文已读；早期点评有二楼三楼冲突，门牌三楼为平台当前信息；原始日期描述：
F05,commercial,壮家大盘菜,https://gs.ctrip.com/html5/you/foods/fooddetail/967/16342849.html,,2026-09-15,2026-09-28,通灵日午餐,medium,原文已读；2026-02-21评论日期来自搜索结果，不视为近90天；原始日期描述：
F06,commercial,山水人家食庄鹅泉店,https://gs.ctrip.com/html5/you/foods/fooddetail/967/17506620.html,,2026-09-15,2026-09-28,鹅泉日午餐,low,原文已读；移动页6条与搜索桌面7条有差异；9/7新评仅搜索可见，不计全文核验；原始日期描述：
H01,commercial,城市便捷百色森林中心城恒基广场店,https://hotels.ctrip.com/hotels/13785650.html,,2026-09-15,2026-09-28,百色住宿候选,medium,原文已读；不同缓存日期及点评数量不同；不采用未选日期房价；原始日期描述：
H02,commercial,柏曼百色市政府恒基广场店,https://hotels.ctrip.com/hotels/125212175.html,,2026-09-15,2026-09-28,百色住宿候选,medium,原文已读；未核验国庆房型库存；原始日期描述：
H03,commercial,维也纳靖西中山公园店,https://m.ctrip.com/html5/hotel/hoteldetail/2253458.html,,2026-09-15,2026-09-28,靖西住宿候选,medium,原文已读；城西路459号，未核验国庆房型库存；原始日期描述：
H04,commercial,尚客优品靖西汽车站绣球城店,https://hotels.ctrip.com/hotels/42375764.html,,2026-09-15,2026-09-28,若用班车的酒店候选,low,仅搜索完整结果；需重核；原始日期描述：
N01,official,12306儿童规则,https://kyfw.12306.cn/otn/gonggao/children.html,,2026-09-15,2026-09-28,家庭版交通与票务,medium,8岁买儿童优惠票，用本人证件；优惠按规则结算；未标发布时间；2026-09-15已读；原始日期描述：
N02,official,广东城际换乘说明,https://pc.nfnews.com/38/8974540.html,2024-06-07,2026-09-15,2026-09-28,家庭版交通与票务,medium,G口到东广场的1分钟不是全程换乘，需铁路安检；2024-06-07；2026-09-15已读；原始日期描述：2024-06-07
N03,official,西平西—番禺快慢车报道,https://static.nfnews.com/content/202505/26/c11333491.html?enterColumnId=0,2025-05-26,2026-09-15,2026-09-28,家庭版交通与票务,medium,历史25—27分钟特快及约1小时慢车，非国庆班次；2025-05-26；2026-09-15已读；原始日期描述：2025-05-26
N04,commercial,通灵介绍与优待,https://you.ctrip.com/sight/jingxi967/51441.html,,2026-09-15,2026-09-28,家庭版交通与票务,medium,约800多级下行台阶；平台列12岁以下及65岁以上免大门票，内部车另有身高条件；需景区复核；动态页；2026-09-15已读；原始日期描述：
N05,commercial,鹅泉优待,https://you.ctrip.com/sight/jingxi967/51464.html,,2026-09-15,2026-09-28,家庭版交通与票务,medium,广西65/非广西70免票门槛，非广西60—69优惠，儿童依年龄/身高；动态页；2026-09-15首轮读取成功，后续定位超时；原始日期描述：
N06,community,华东师大团队行记,https://sees.ecnu.edu.cn/df/3d/c42321a712509/page.htm,,2026-09-15,2026-09-28,家庭版交通与票务,medium,第一人称记录通灵大量下行台阶，不据此判断每位68岁旅客体力；2025行程；2026-09-15已读；原始日期描述：2025
T01,official,文旅部靖西非遗美食线路,https://zhuanti.mct.gov.cn/fymstslvxlzs/xl_detail/9695.html,2026-02-06,2026-09-16,2026-09-28,路线、美食、旧州手艺,high,原文已读；线路组合与文化信息，不提供国庆交通承诺
T02,official,2026年部分节假日安排通知转载,https://www.beijing.gov.cn/fuwu/bmfw/sy/jrts/202511/t20251104_4258838.html,2025-11-04,2026-09-16,2026-09-28,出游日期,high,政府转载，国庆10月1日至7日
T03,commercial,梦之源大酒店,https://hotels.ctrip.com/hotels/16081350.html,,2026-09-16,2026-09-28,百色住宿候选,medium,原文已读；国庆两房库存房价未选日期核验；零散点评只作核对项
T04,commercial,百色温德姆度假酒店,https://hotels.ctrip.com/hotels/60196724.html,,2026-09-16,2026-09-28,百色住宿备选,medium,原文已读；优先近电梯房，实时报价未取得
T05,commercial,维也纳国际酒店靖西幸福路店,https://hotels.ctrip.com/hotels/129067133.html,,2026-09-16,2026-09-28,靖西住宿候选,medium,原文已读；平台2025开业，早餐与儿童身高档要按订单复核
T06,commercial,维也纳国际酒店靖西长丰国际店,https://hotels.ctrip.com/hotels/127425491.html,,2026-09-16,2026-09-28,靖西住宿备选,medium,原文已读；不能与长丰国际酒店混淆
T07,commercial,百色出租车服务报道转载,https://finance.sina.com.cn/jjxw/2026-06-05/doc-iniakfhq8366182.shtml,2026-06-05,2026-09-16,2026-09-28,当地出租车,medium,右江日报经政府网转载；只佐证城区运营，送考政策不套用于国庆游客
U11,community,鹅泉游客评论增补,https://you.ctrip.com/sight/jingxi967/51464.html,,2026-09-16,2026-09-28,D4竹筏与亲子观察,medium,已读可见2026年5至8月样本；主观体验不作统一定价；未遍历评论
U12,community,旧州游客评论增补,https://you.ctrip.com/sight/jingxi967/69551024.html,,2026-09-16,2026-09-28,D4检票与手工体验,medium,已读2026年1月6日和5月27日等样本；旧夜间免票说法不采用
U13,community,广西游记之百色起义纪念馆,https://you.ctrip.com/travels/baise524/4156599.html,2025-02-08,2026-09-16,2026-09-28,D2台阶与入口,medium,2024年11月1日到访；与U02及U03同作者；旧公交和房价不采用
U14,community,广西山水行13寻迹百色,https://you.ctrip.com/travels/guangxi100052/4162724.html,2025-05-03,2026-09-16,2026-09-28,D2坡道与展线,medium,全文已读；文中3月21日到访；旧入馆登记规则不沿用
U15,community,小飞大乡里游广西渠洋湖鹅泉,https://siufeikingdom.pixnet.net/blog/posts/9577726776,2025-04-27,2026-09-16,2026-09-28,D1入住检查与D3D4游览,medium,2025年4月20日团队行程；个人博客全文已读；不采用旧价或未证实的景区数据
U16,community,百色有百味文明街食记,https://www.sohu.com/a/344653099_327884,,2026-09-16,2026-09-28,D2卷筒粉体验,low,2019年历史食记；仅食物形态与街区线索；不作营业存续依据
T08,commercial,百色起义纪念馆服务设施,https://you.ctrip.com/sight/baise524/51452.html,,2026-09-16,2026-09-28,D2园内车与语音线索,medium,已读服务字段；以现场确认运营和可达路线为准；开放时间采用运营方公告
K01,commercial,浩坤湖网站游览路线指引,https://haokunhu.com/tour-route-guide,,2026-09-17,2026-09-28,D2湖岸路线与山区交通,medium,景区主题网站原文已读；经营主体未进一步核验，不以此保证实时运营
K02,commercial,浩坤湖页面与可见评论,https://gs.ctrip.com/html5/you/sight/lingyun1446254/5069278.html,,2026-09-17,2026-09-28,D2开放线索、停船冲突与道路经验,medium,显示游船停运；两条评论未显示日期；不沿用起价
K03,official,浩坤湖部分船型运营报道,https://www.gxnews.com.cn/staticpages/20260817/newgx6a82bb57-21981929.shtml,2026-08-17,2026-09-17,2026-09-28,D2船务待复核,low,检索可见转述公告，正文抓取超时；与平台停船公告冲突，不作已确认运营
R01,official,12306当前起售时间公告,https://www.12306.cn/mormhweb/mobile_zxdt/201411/t20141126_2316.html,,2026-09-17,2026-09-22,D1 D6铁路与购票,medium,广州南10:15、百色17:30；旧发布日期页面的当前正文，临时调整复核
R02,commercial,D3830现行时刻,https://trains.ctrip.com/TrainSchedule/D3830,,2026-09-17,2026-09-22,D1 D6铁路与购票,medium,广州南10:32百色15:34，未核实指定日期开行
R03,commercial,广州南百色现行票价与备选,https://trains.ctrip.com/trainbooking/guangzhounan-baise/,,2026-09-17,2026-09-22,D1 D6铁路与购票,medium,337.5成人二等座快照，非10/1订单价，不采用余票
R04,commercial,D3804现行时刻,https://trains.ctrip.com/TrainSchedule/D3804,,2026-09-17,2026-09-22,D1 D6铁路与购票,medium,百色10:03广州南15:26，10/6待预售期复核
R05,commercial,百色广州南现行票价与备选,https://trains.ctrip.com/trainbooking/baise-guangzhounan/,,2026-09-17,2026-09-22,D1 D6铁路与购票,medium,337.5成人二等座快照，非10/6报价
R06,official,12306儿童优惠票与最低票价,https://kyfw.12306.cn/otn/gonggao/children.html,,2026-09-17,2026-09-22,D1 D6铁路与购票,medium,儿童约169仅条件性估算，系统金额为准
R07,official,广东城际乘车指南,https://www.gz.gov.cn/zwfw/zxfw/jtfw/content/mpost_9674465.html,,2026-09-17,2026-09-22,D1 D6铁路与购票,medium,2024历史操作指南，儿童12306购票；当日规则再复核
R08,official,12306候补规则,https://kyfw.12306.cn/otn/gonggao/alternate.html,,2026-09-17,2026-09-22,D1 D6铁路与购票,medium,同一需求不部分兑现；付款后生效；未替用户操作
H05,commercial,柏曼酒店百色靖西锦绣古镇店,https://hotels.ctrip.com/hotels/123698014.html,,2026-09-17,2026-09-28,靖西住宿候选,medium,原文与可见近期点评已读；有家庭房线索；古镇对面可能有夜间音乐，须选背街安静房；不采用默认日期价格
H06,commercial,雅斯特美途酒店靖西银山颐园店,https://m.ctrip.com/webapp/hotel/jingxi21417/h758,,2026-09-17,2026-09-28,靖西住宿候选,low,页面可见家庭房洗衣与宽敞房间线索；当前证据较少；不采用默认日期价格
U17,user,用户确认已购D3782,,2026-09-17,2026-09-17,,D1去程车票,high,仅记录车次日期与乘车区间；不记录订单号乘车人证件席位或支付信息
E01,community,Reddit travelchina浩坤湖经历,https://www.reddit.com/r/travelchina/comments/1hpgo3z,2024-12-30,2026-09-17,,D2英文社区视角,low,单一英文帖子；提到民宿后另换交通到网红山顶及外国客住宿资格；不作为儿童难度或国庆运力证明
E02,community,Tripadvisor浩坤湖英文评论,https://www.tripadvisor.com/Attraction_Review-g1833724-d1856318-Reviews-Haokun_Lake-Lingyun_County_Guangxi.html,2017-10-05,2026-09-17,,D2英文社区视角,low,仅1条2017评论；旧船务洗手间与小食摊信息不作2026运营事实
E03,commercial,Trip.com浩坤湖英文页,https://www.trip.com/travel-guide/attraction/lingyun/haokun-lake-scenic-area-56807956?locale=en-US,,2026-09-17,2026-09-28,D2英文社区视角,low,含自动翻译与社区内容；只用于船岸视角和3至5小时线索；不采用野山免费路线
E04,community,Trip.com渠洋湖英文慢游分享,https://qa.trip.com/moments/detail/jingxi-967-146952282?locale=en-QA,,2026-09-17,2026-09-28,D3英文社区视角,low,平台自动翻译社区内容；骑行与人少为个案；不作国庆路况承诺
E05,community,Trip.com鹅泉英文慢游分享,https://sa.trip.com/moments/detail/jingxi-967-150937837?locale=en-SA,,2026-09-17,2026-09-28,D4英文社区视角,low,平台自动翻译社区内容；保留慢游与观景台观点；不采用非正式套票价格或绕入口方式
E06,community,Trip.com鹅泉英文近期经验,https://hk.trip.com/moments/detail/jingxi-967-150606968?locale=en-HK,2026-08-15,2026-09-17,2026-09-28,D4英文社区视角,low,平台自动翻译社区内容；采用湿滑防蚊和正式入口核对项；不采用免费时段说法
K04,commercial,浩坤湖运营方景色分类图库,https://haokunhu.com/scenery,,2026-09-17,2026-09-28,D2实拍视角辨认,medium,可见湖岸环湖公路徒步航拍等分类；未见开放转载许可；仅链接原页不复制或热链图片
K05,official,新华社英文浩坤湖图文,https://www.xinhuanet.com/english/2019-11/26/c_138584494.htm,2019-11-26,2026-09-17,,D2湖上历史画面,medium,2019年纪实照片用于理解湖上视角；不据旧图推断2026年国庆船务；未复制图片
K06,community,Trip.com浩坤湖湖岸短线实拍,https://nz.trip.com/moments/detail/lingyun-1446254-147254290?locale=en-NZ,,2026-09-17,2026-09-28,D2湖岸照片参考,low,社区原页含湖边栈道廊桥与倒影；许可未核验；仅链接原页且不采用实时开放描述
K07,community,Trip.com浩坤湖山顶机位实拍,https://sg.trip.com/moments/detail/lingyun-1446254-145452959,,2026-09-17,2026-09-28,D2山顶照片与路线风险辨认,low,社区原页含碎石坡岩台与高位全景；不作为儿童路线推荐；许可未核验；仅链接原页
